sku|deeplink|ort|adgroup|kw1|kw2|kw3|kw4|title1|title2|title3|title4|title5|title6|title7|title8|title9|title10|title11|title12|title13|title14|title15|desc1|desc2|desc3|desc4|path1
10570700100|https://click.cptrack.de/?rd=true&k=9MZRyYCsat306Tv2DQ3hKYmYzk7xJJQxWjYG5azeduqs9Cc7ad87wnlJKO-tgnRZnJT3wegrmlt4hL0OLfRxeQ~~&rdlink=https%3A%2F%2Fwww.deutsche-glasfaser.de%2Ftarife%2F%3Fopmc%3Dgg_nb%26opta%3D0||Schleswig-Holstein - Plön - Lembeck - 10570700100|Glasfaser Lembeck|dsl Lembeck|Internet Lembeck|Lembeck Glasfaser|Glasfaser in Lembeck|Deutsche Glasfaser Lembeck|Bis 60€ Online-Bonus sichern|Highspeed Internet statt DSL|Internet-Flat bis zu 1 Gbit/s|Highspeed Internet statt DSL|Zukunftsfähig dank Glasfaser|Sie wechseln - wir kümmern uns|Viel schneller als DSL|Nur 24,99 € mtl. im 1. Jahr|Super schnelle Internet-Flat|Sichern Sie sich unsere Boni|Ihr Glasfaseranschluss|Sparen Sie 750 € Baukosten|connect Testsieger - sehr gut|Jetzt buchen, damit Glasfaserkabel bald auch in Lembeck verfügbar ist!|Deutsche Glasfaser schließt Lembeck an die Zukunft an. Jetzt Glasfaseranschluss buchen!|Lembeck befindet sich aktuell in der Nachfragebündelung. Buchen Sie jetzt online!|Glasfaseranschluss bis zu Ihrem Haus - Endlich schnelles Internet in Lembeck!|Lembeck
10600470100|https://click.cptrack.de/?rd=true&k=9MZRyYCsat306Tv2DQ3hKYmYzk7xJJQxWjYG5azedupOr4-mZ2X0u694mx3nsT2enJT3wegrmlt4hL0OLfRxeQ~~&rdlink=https%3A%2F%2Fwww.deutsche-glasfaser.de%2Ftarife%2F%3Fopmc%3Dgg_nb%26opta%3D0||Schleswig-Holstein - Segeberg - Gierath - 10600470100|Glasfaser Gierath|dsl Gierath|Internet Gierath|Gierath Glasfaser|Glasfaser in Gierath|Deutsche Glasfaser Gierath|Bis 60€ Online-Bonus sichern|Highspeed Internet statt DSL|Internet-Flat bis zu 1 Gbit/s|Highspeed Internet statt DSL|Zukunftsfähig dank Glasfaser|Sie wechseln - wir kümmern uns|Viel schneller als DSL|Nur 24,99 € mtl. im 1. Jahr|Super schnelle Internet-Flat|Sichern Sie sich unsere Boni|Ihr Glasfaseranschluss|Sparen Sie 750 € Baukosten|connect Testsieger - sehr gut|Jetzt buchen, damit Glasfaserkabel bald auch in Gierath verfügbar ist!|Deutsche Glasfaser schließt Gierath an die Zukunft an. Jetzt Glasfaseranschluss buchen!|Gierath befindet sich aktuell in der Nachfragebündelung. Buchen Sie jetzt online!|Glasfaseranschluss bis zu Ihrem Haus - Endlich schnelles Internet in Gierath!|Gierath
10600730100|https://click.cptrack.de/?rd=true&k=9MZRyYCsat306Tv2DQ3hKYmYzk7xJJQxWjYG5azedurVcun2FSc6rQDqUbFQckgPnJT3wegrmlt4hL0OLfRxeQ~~&rdlink=https%3A%2F%2Fwww.deutsche-glasfaser.de%2Ftarife%2F%3Fopmc%3Dgg_nb%26opta%3D0||Schleswig-Holstein - Segeberg - Wolfsberg - 10600730100|Glasfaser Wolfsberg|dsl Wolfsberg|Internet Wolfsberg|Wolfsberg Glasfaser|Glasfaser in Wolfsberg|Deutsche Glasfaser Wolfsberg|Bis 60€ Online-Bonus sichern|Highspeed Internet statt DSL|Internet-Flat bis zu 1 Gbit/s|Highspeed Internet statt DSL|Zukunftsfähig dank Glasfaser|Sie wechseln - wir kümmern uns|Viel schneller als DSL|Nur 24,99 € mtl. im 1. Jahr|Super schnelle Internet-Flat|Sichern Sie sich unsere Boni|Ihr Glasfaseranschluss|Sparen Sie 750 € Baukosten|connect Testsieger - sehr gut|Jetzt buchen, damit Glasfaserkabel bald auch in Wolfsberg verfügbar ist!|Deutsche Glasfaser schließt Wolfsberg an die Zukunft an. Jetzt Glasfaseranschluss buchen!|Wolfsberg befindet sich aktuell in der Nachfragebündelung. Buchen Sie jetzt online!|Glasfaseranschluss bis zu Ihrem Haus - Endlich schnelles Internet in Wolfsberg!|Wolfsberg
10930|https://click.cptrack.de/?rd=true&k=9MZRyYCsat306Tv2DQ3hKYmYzk7xJJQxWjYG5azedurb-5u1tuPcl2XXdB0Njhbl&rdlink=https%3A%2F%2Fwww.deutsche-glasfaser.de%2Ftarife%2F%3Fopmc%3Dgg_nb%26opta%3D0||Nordrhein-Westfalen - Steinfurt - Rees - 10930|Glasfaser Rees|dsl Rees|Internet Rees|Rees Glasfaser|Glasfaser in Rees|Deutsche Glasfaser Rees|Bis 60€ Online-Bonus sichern|Highspeed Internet statt DSL|Internet-Flat bis zu 1 Gbit/s|Highspeed Internet statt DSL|Zukunftsfähig dank Glasfaser|Sie wechseln - wir kümmern uns|Viel schneller als DSL|Nur 24,99 € mtl. im 1. Jahr|Super schnelle Internet-Flat|Sichern Sie sich unsere Boni|Ihr Glasfaseranschluss|Sparen Sie 750 € Baukosten|connect Testsieger - sehr gut|Jetzt buchen, damit Glasfaserkabel bald auch in Rees verfügbar ist!|Deutsche Glasfaser schließt Rees an die Zukunft an. Jetzt Glasfaseranschluss buchen!|Rees befindet sich aktuell in der Nachfragebündelung. Buchen Sie jetzt online!|Glasfaseranschluss bis zu Ihrem Haus - Endlich schnelles Internet in Rees!|Rees
11433|https://click.cptrack.de/?rd=true&k=9MZRyYCsat306Tv2DQ3hKYmYzk7xJJQxWjYG5azedupDfV1kEK_frEbXlYpXq5Ww&rdlink=https%3A%2F%2Fwww.deutsche-glasfaser.de%2Ftarife%2F%3Fopmc%3Dgg_nb%26opta%3D0||Nordrhein-Westfalen - Rhein-Kreis Neuss - Drevenack - 11433|Glasfaser Drevenack|dsl Drevenack|Internet Drevenack|Drevenack Glasfaser|Glasfaser in Drevenack|Deutsche Glasfaser Drevenack|Bis 60€ Online-Bonus sichern|Highspeed Internet statt DSL|Internet-Flat bis zu 1 Gbit/s|Highspeed Internet statt DSL|Zukunftsfähig dank Glasfaser|Sie wechseln - wir kümmern uns|Viel schneller als DSL|Nur 24,99 € mtl. im 1. Jahr|Super schnelle Internet-Flat|Sichern Sie sich unsere Boni|Ihr Glasfaseranschluss|Sparen Sie 750 € Baukosten|connect Testsieger - sehr gut|Jetzt buchen, damit Glasfaserkabel bald auch in Drevenack verfügbar ist!|Deutsche Glasfaser schließt Drevenack an die Zukunft an. Jetzt Glasfaseranschluss buchen!|Drevenack befindet sich aktuell in der Nachfragebündelung. Buchen Sie jetzt online!|Glasfaseranschluss bis zu Ihrem Haus - Endlich schnelles Internet in Drevenack!|Drevenack
13522|https://click.cptrack.de/?rd=true&k=9MZRyYCsat306Tv2DQ3hKYmYzk7xJJQxWjYG5azeduogzgOEePgfmPkru1jIiV6n&rdlink=https%3A%2F%2Fwww.deutsche-glasfaser.de%2Ftarife%2F%3Fopmc%3Dgg_nb%26opta%3D0||Nordrhein-Westfalen - Rhein-Kreis Neuss - Gellep - 13522|Glasfaser Gellep|dsl Gellep|Internet Gellep|Gellep Glasfaser|Glasfaser in Gellep|Deutsche Glasfaser Gellep|Bis 60€ Online-Bonus sichern|Highspeed Internet statt DSL|Internet-Flat bis zu 1 Gbit/s|Highspeed Internet statt DSL|Zukunftsfähig dank Glasfaser|Sie wechseln - wir kümmern uns|Viel schneller als DSL|Nur 24,99 € mtl. im 1. Jahr|Super schnelle Internet-Flat|Sichern Sie sich unsere Boni|Ihr Glasfaseranschluss|Sparen Sie 750 € Baukosten|connect Testsieger - sehr gut|Jetzt buchen, damit Glasfaserkabel bald auch in Gellep verfügbar ist!|Deutsche Glasfaser schließt Gellep an die Zukunft an. Jetzt Glasfaseranschluss buchen!|Gellep befindet sich aktuell in der Nachfragebündelung. Buchen Sie jetzt online!|Glasfaseranschluss bis zu Ihrem Haus - Endlich schnelles Internet in Gellep!|Gellep
2326|https://click.cptrack.de/?rd=true&k=9MZRyYCsat306Tv2DQ3hKaaZ-Ofyh4phYArsNiSeJ8Nsgk1hqZJCVjlp7k0GILck&rdlink=https%3A%2F%2Fwww.deutsche-glasfaser.de%2Ftarife%2F%3Fopmc%3Dgg_nb%26opta%3D0||Nordrhein-Westfalen - Kleve - Kapellen - 2326|Glasfaser Kapellen|dsl Kapellen|Internet Kapellen|Kapellen Glasfaser|Glasfaser in Kapellen|Deutsche Glasfaser Kapellen|Bis 60€ Online-Bonus sichern|Highspeed Internet statt DSL|Internet-Flat bis zu 1 Gbit/s|Highspeed Internet statt DSL|Zukunftsfähig dank Glasfaser|Sie wechseln - wir kümmern uns|Viel schneller als DSL|Nur 24,99 € mtl. im 1. Jahr|Super schnelle Internet-Flat|Sichern Sie sich unsere Boni|Ihr Glasfaseranschluss|Sparen Sie 750 € Baukosten|connect Testsieger - sehr gut|Jetzt buchen, damit Glasfaserkabel bald auch in Kapellen verfügbar ist!|Deutsche Glasfaser schließt Kapellen an die Zukunft an. Jetzt Glasfaseranschluss buchen!|Kapellen befindet sich aktuell in der Nachfragebündelung. Buchen Sie jetzt online!|Glasfaseranschluss bis zu Ihrem Haus - Endlich schnelles Internet in Kapellen!|Kapellen
2843|https://click.cptrack.de/?rd=true&k=9MZRyYCsat306Tv2DQ3hKaaZ-Ofyh4phYArsNiSeJ8PnP_S7l6E3hSJsRxFowJFI&rdlink=https%3A%2F%2Fwww.deutsche-glasfaser.de%2Ftarife%2F%3Fopmc%3Dgg_nb%26opta%3D0||Nordrhein-Westfalen - Kleve - Bedburg - 2843|Glasfaser Bedburg|dsl Bedburg|Internet Bedburg|Bedburg Glasfaser|Glasfaser in Bedburg|Deutsche Glasfaser Bedburg|Bis 60€ Online-Bonus sichern|Highspeed Internet statt DSL|Internet-Flat bis zu 1 Gbit/s|Highspeed Internet statt DSL|Zukunftsfähig dank Glasfaser|Sie wechseln - wir kümmern uns|Viel schneller als DSL|Nur 24,99 € mtl. im 1. Jahr|Super schnelle Internet-Flat|Sichern Sie sich unsere Boni|Ihr Glasfaseranschluss|Sparen Sie 750 € Baukosten|connect Testsieger - sehr gut|Jetzt buchen, damit Glasfaserkabel bald auch in Bedburg verfügbar ist!|Deutsche Glasfaser schließt Bedburg an die Zukunft an. Jetzt Glasfaseranschluss buchen!|Bedburg befindet sich aktuell in der Nachfragebündelung. Buchen Sie jetzt online!|Glasfaseranschluss bis zu Ihrem Haus - Endlich schnelles Internet in Bedburg!|Bedburg
3082|https://click.cptrack.de/?rd=true&k=9MZRyYCsat306Tv2DQ3hKYBXumXG-Cle97aE5KV19N8XqnKAksg-P8-H_X3X0Pi3&rdlink=https%3A%2F%2Fwww.deutsche-glasfaser.de%2Ftarife%2F%3Fopmc%3Dgg_nb%26opta%3D0||Nordrhein-Westfalen - Recklinghausen - Jüchen - 3082|Glasfaser Jüchen|dsl Jüchen|Internet Jüchen|Jüchen Glasfaser|Glasfaser in Jüchen|Deutsche Glasfaser Jüchen|Bis 60€ Online-Bonus sichern|Highspeed Internet statt DSL|Internet-Flat bis zu 1 Gbit/s|Highspeed Internet statt DSL|Zukunftsfähig dank Glasfaser|Sie wechseln - wir kümmern uns|Viel schneller als DSL|Nur 24,99 € mtl. im 1. Jahr|Super schnelle Internet-Flat|Sichern Sie sich unsere Boni|Ihr Glasfaseranschluss|Sparen Sie 750 € Baukosten|connect Testsieger - sehr gut|Jetzt buchen, damit Glasfaserkabel bald auch in Jüchen verfügbar ist!|Deutsche Glasfaser schließt Jüchen an die Zukunft an. Jetzt Glasfaseranschluss buchen!|Jüchen befindet sich aktuell in der Nachfragebündelung. Buchen Sie jetzt online!|Glasfaseranschluss bis zu Ihrem Haus - Endlich schnelles Internet in Jüchen!|Jüchen
3610|https://click.cptrack.de/?rd=true&k=9MZRyYCsat306Tv2DQ3hKYBXumXG-Cle97aE5KV19N9r81CXs10M3mayJWaRkCNb&rdlink=https%3A%2F%2Fwww.deutsche-glasfaser.de%2Ftarife%2F%3Fopmc%3Dgg_nb%26opta%3D0||Nordrhein-Westfalen - Kleve - Geldern - 3610|Glasfaser Geldern|dsl Geldern|Internet Geldern|Geldern Glasfaser|Glasfaser in Geldern|Deutsche Glasfaser Geldern|Bis 60€ Online-Bonus sichern|Highspeed Internet statt DSL|Internet-Flat bis zu 1 Gbit/s|Highspeed Internet statt DSL|Zukunftsfähig dank Glasfaser|Sie wechseln - wir kümmern uns|Viel schneller als DSL|Nur 24,99 € mtl. im 1. Jahr|Super schnelle Internet-Flat|Sichern Sie sich unsere Boni|Ihr Glasfaseranschluss|Sparen Sie 750 € Baukosten|connect Testsieger - sehr gut|Jetzt buchen, damit Glasfaserkabel bald auch in Geldern verfügbar ist!|Deutsche Glasfaser schließt Geldern an die Zukunft an. Jetzt Glasfaseranschluss buchen!|Geldern befindet sich aktuell in der Nachfragebündelung. Buchen Sie jetzt online!|Glasfaseranschluss bis zu Ihrem Haus - Endlich schnelles Internet in Geldern!|Geldern
3757|https://click.cptrack.de/?rd=true&k=9MZRyYCsat306Tv2DQ3hKYBXumXG-Cle97aE5KV19N-j9lzjBCbqMSQ7Udsi1CcF&rdlink=https%3A%2F%2Fwww.deutsche-glasfaser.de%2Ftarife%2F%3Fopmc%3Dgg_nb%26opta%3D0||Nordrhein-Westfalen - Warendorf - Scharstorf - 3757|Glasfaser Scharstorf|dsl Scharstorf|Internet Scharstorf|Scharstorf Glasfaser|Glasfaser in Scharstorf|Deutsche Glasfaser Scharstorf|Bis 60€ Online-Bonus sichern|Highspeed Internet statt DSL|Internet-Flat bis zu 1 Gbit/s|Highspeed Internet statt DSL|Zukunftsfähig dank Glasfaser|Sie wechseln - wir kümmern uns|Viel schneller als DSL|Nur 24,99 € mtl. im 1. Jahr|Super schnelle Internet-Flat|Sichern Sie sich unsere Boni|Ihr Glasfaseranschluss|Sparen Sie 750 € Baukosten|connect Testsieger - sehr gut|Jetzt buchen, damit Glasfaserkabel bald auch in Scharstorf verfügbar ist!|Deutsche Glasfaser schließt Scharstorf an die Zukunft an. Jetzt Glasfaseranschluss buchen!|Scharstorf befindet sich aktuell in der Nachfragebündelung. Buchen Sie jetzt online!|Glasfaseranschluss bis zu Ihrem Haus - Endlich schnelles Internet in Scharstorf!|Scharstorf
4392|https://click.cptrack.de/?rd=true&k=9MZRyYCsat306Tv2DQ3hKcboyeaQh0bYQiqwTxfWc4UkMfqvHSpuEqFaif55ngU1&rdlink=https%3A%2F%2Fwww.deutsche-glasfaser.de%2Ftarife%2F%3Fopmc%3Dgg_nb%26opta%3D0||Nordrhein-Westfalen - Kleve - Greven - 4392|Glasfaser Greven|dsl Greven|Internet Greven|Greven Glasfaser|Glasfaser in Greven|Deutsche Glasfaser Greven|Bis 60€ Online-Bonus sichern|Highspeed Internet statt DSL|Internet-Flat bis zu 1 Gbit/s|Highspeed Internet statt DSL|Zukunftsfähig dank Glasfaser|Sie wechseln - wir kümmern uns|Viel schneller als DSL|Nur 24,99 € mtl. im 1. Jahr|Super schnelle Internet-Flat|Sichern Sie sich unsere Boni|Ihr Glasfaseranschluss|Sparen Sie 750 € Baukosten|connect Testsieger - sehr gut|Jetzt buchen, damit Glasfaserkabel bald auch in Greven verfügbar ist!|Deutsche Glasfaser schließt Greven an die Zukunft an. Jetzt Glasfaseranschluss buchen!|Greven befindet sich aktuell in der Nachfragebündelung. Buchen Sie jetzt online!|Glasfaseranschluss bis zu Ihrem Haus - Endlich schnelles Internet in Greven!|Greven
4410|https://click.cptrack.de/?rd=true&k=9MZRyYCsat306Tv2DQ3hKcboyeaQh0bYQiqwTxfWc4WBZC0DStaiz0ckXjyIpwNG&rdlink=https%3A%2F%2Fwww.deutsche-glasfaser.de%2Ftarife%2F%3Fopmc%3Dgg_nb%26opta%3D0||Nordrhein-Westfalen - Rhein-Kreis Neuss - Neurath - 4410|Glasfaser Neurath|dsl Neurath|Internet Neurath|Neurath Glasfaser|Glasfaser in Neurath|Deutsche Glasfaser Neurath|Bis 60€ Online-Bonus sichern|Highspeed Internet statt DSL|Internet-Flat bis zu 1 Gbit/s|Highspeed Internet statt DSL|Zukunftsfähig dank Glasfaser|Sie wechseln - wir kümmern uns|Viel schneller als DSL|Nur 24,99 € mtl. im 1. Jahr|Super schnelle Internet-Flat|Sichern Sie sich unsere Boni|Ihr Glasfaseranschluss|Sparen Sie 750 € Baukosten|connect Testsieger - sehr gut|Jetzt buchen, damit Glasfaserkabel bald auch in Neurath verfügbar ist!|Deutsche Glasfaser schließt Neurath an die Zukunft an. Jetzt Glasfaseranschluss buchen!|Neurath befindet sich aktuell in der Nachfragebündelung. Buchen Sie jetzt online!|Glasfaseranschluss bis zu Ihrem Haus - Endlich schnelles Internet in Neurath!|Neurath
4411|https://click.cptrack.de/?rd=true&k=9MZRyYCsat306Tv2DQ3hKcboyeaQh0bYQiqwTxfWc4WX8ca8k2vxorjrthoy5eZu&rdlink=https%3A%2F%2Fwww.deutsche-glasfaser.de%2Ftarife%2F%3Fopmc%3Dgg_nb%26opta%3D0||Nordrhein-Westfalen - Rhein-Kreis Neuss - Wolfesing - 4411|Glasfaser Wolfesing|dsl Wolfesing|Internet Wolfesing|Wolfesing Glasfaser|Glasfaser in Wolfesing|Deutsche Glasfaser Wolfesing|Bis 60€ Online-Bonus sichern|Highspeed Internet statt DSL|Internet-Flat bis zu 1 Gbit/s|Highspeed Internet statt DSL|Zukunftsfähig dank Glasfaser|Sie wechseln - wir kümmern uns|Viel schneller als DSL|Nur 24,99 € mtl. im 1. Jahr|Super schnelle Internet-Flat|Sichern Sie sich unsere Boni|Ihr Glasfaseranschluss|Sparen Sie 750 € Baukosten|connect Testsieger - sehr gut|Jetzt buchen, damit Glasfaserkabel bald auch in Wolfesing verfügbar ist!|Deutsche Glasfaser schließt Wolfesing an die Zukunft an. Jetzt Glasfaseranschluss buchen!|Wolfesing befindet sich aktuell in der Nachfragebündelung. Buchen Sie jetzt online!|Glasfaseranschluss bis zu Ihrem Haus - Endlich schnelles Internet in Wolfesing!|Wolfesing
51540125200|https://click.cptrack.de/?rd=true&k=9MZRyYCsat306Tv2DQ3hKed_A7CsVM5r9TQ8mg-r2yteYOCpuHDGLQgqLJpO6zbEnJT3wegrmlt4hL0OLfRxeQ~~&rdlink=https%3A%2F%2Fwww.deutsche-glasfaser.de%2Ftarife%2F%3Fopmc%3Dgg_nb%26opta%3D0||Nordrhein-Westfalen - Kleve - Hasselt - 51540125200|Glasfaser Hasselt|dsl Hasselt|Internet Hasselt|Hasselt Glasfaser|Glasfaser in Hasselt|Deutsche Glasfaser Hasselt|Bis 60€ Online-Bonus sichern|Highspeed Internet statt DSL|Internet-Flat bis zu 1 Gbit/s|Highspeed Internet statt DSL|Zukunftsfähig dank Glasfaser|Sie wechseln - wir kümmern uns|Viel schneller als DSL|Nur 24,99 € mtl. im 1. Jahr|Super schnelle Internet-Flat|Sichern Sie sich unsere Boni|Ihr Glasfaseranschluss|Sparen Sie 750 € Baukosten|connect Testsieger - sehr gut|Jetzt buchen, damit Glasfaserkabel bald auch in Hasselt verfügbar ist!|Deutsche Glasfaser schließt Hasselt an die Zukunft an. Jetzt Glasfaseranschluss buchen!|Hasselt befindet sich aktuell in der Nachfragebündelung. Buchen Sie jetzt online!|Glasfaseranschluss bis zu Ihrem Haus - Endlich schnelles Internet in Hasselt!|Hasselt
51700160000|https://click.cptrack.de/?rd=true&k=9MZRyYCsat306Tv2DQ3hKed_A7CsVM5r9TQ8mg-r2ys6c3qvJ86DYv866SHX2qi_nJT3wegrmlt4hL0OLfRxeQ~~&rdlink=https%3A%2F%2Fwww.deutsche-glasfaser.de%2Ftarife%2F%3Fopmc%3Dgg_nb%26opta%3D0||Nordrhein-Westfalen - Wesel - Rosellerheide - 51700160000|Glasfaser Rosellerheide|dsl Rosellerheide|Internet Rosellerheide|Rosellerheide Glasfaser|Glasfaser in Rosellerheide|Deutsche Glasfaser|Bis 60€ Online-Bonus sichern|Highspeed Internet statt DSL|Internet-Flat bis zu 1 Gbit/s|Highspeed Internet statt DSL|Zukunftsfähig dank Glasfaser|Sie wechseln - wir kümmern uns|Viel schneller als DSL|Nur 24,99 € mtl. im 1. Jahr|Super schnelle Internet-Flat|Sichern Sie sich unsere Boni|Ihr Glasfaseranschluss|Sparen Sie 750 € Baukosten|connect Testsieger - sehr gut|Jetzt buchen, damit Glasfaserkabel bald auch in Rosellerheide verfügbar ist!|Deutsche Glasfaser schließt Ihren Ort an die Zukunft an. Jetzt Glasfaseranschluss buchen!|Rosellerheide befindet sich aktuell in der Nachfragebündelung. Buchen Sie jetzt online!|Glasfaseranschluss bis zu Ihrem Haus - Endlich schnelles Internet in Rosellerheide!|Rosellerheide
51700160100|https://click.cptrack.de/?rd=true&k=9MZRyYCsat306Tv2DQ3hKed_A7CsVM5r9TQ8mg-r2yvSNQ1-sQtaCDiABby-pqfCnJT3wegrmlt4hL0OLfRxeQ~~&rdlink=https%3A%2F%2Fwww.deutsche-glasfaser.de%2Ftarife%2F%3Fopmc%3Dgg_nb%26opta%3D0||Nordrhein-Westfalen - Wesel - Senden - 51700160100|Glasfaser Senden|dsl Senden|Internet Senden|Senden Glasfaser|Glasfaser in Senden|Deutsche Glasfaser Senden|Bis 60€ Online-Bonus sichern|Highspeed Internet statt DSL|Internet-Flat bis zu 1 Gbit/s|Highspeed Internet statt DSL|Zukunftsfähig dank Glasfaser|Sie wechseln - wir kümmern uns|Viel schneller als DSL|Nur 24,99 € mtl. im 1. Jahr|Super schnelle Internet-Flat|Sichern Sie sich unsere Boni|Ihr Glasfaseranschluss|Sparen Sie 750 € Baukosten|connect Testsieger - sehr gut|Jetzt buchen, damit Glasfaserkabel bald auch in Senden verfügbar ist!|Deutsche Glasfaser schließt Senden an die Zukunft an. Jetzt Glasfaseranschluss buchen!|Senden befindet sich aktuell in der Nachfragebündelung. Buchen Sie jetzt online!|Glasfaseranschluss bis zu Ihrem Haus - Endlich schnelles Internet in Senden!|Senden
55580440100|https://click.cptrack.de/?rd=true&k=9MZRyYCsat306Tv2DQ3hKed_A7CsVM5r9TQ8mg-r2yvWLxVhBS5WJaTu8tqSoO_MnJT3wegrmlt4hL0OLfRxeQ~~&rdlink=https%3A%2F%2Fwww.deutsche-glasfaser.de%2Ftarife%2F%3Fopmc%3Dgg_nb%26opta%3D0||Nordrhein-Westfalen - Coesfeld - Sinning - 55580440100|Glasfaser Sinning|dsl Sinning|Internet Sinning|Sinning Glasfaser|Glasfaser in Sinning|Deutsche Glasfaser Sinning|Bis 60€ Online-Bonus sichern|Highspeed Internet statt DSL|Internet-Flat bis zu 1 Gbit/s|Highspeed Internet statt DSL|Zukunftsfähig dank Glasfaser|Sie wechseln - wir kümmern uns|Viel schneller als DSL|Nur 24,99 € mtl. im 1. Jahr|Super schnelle Internet-Flat|Sichern Sie sich unsere Boni|Ihr Glasfaseranschluss|Sparen Sie 750 € Baukosten|connect Testsieger - sehr gut|Jetzt buchen, damit Glasfaserkabel bald auch in Sinning verfügbar ist!|Deutsche Glasfaser schließt Sinning an die Zukunft an. Jetzt Glasfaseranschluss buchen!|Sinning befindet sich aktuell in der Nachfragebündelung. Buchen Sie jetzt online!|Glasfaseranschluss bis zu Ihrem Haus - Endlich schnelles Internet in Sinning!|Sinning
6782|https://click.cptrack.de/?rd=true&k=9MZRyYCsat306Tv2DQ3hKfOLSu7BdKtGEKfB0D21lkAd7SwLz2OaDktxjP8qNs5Y&rdlink=https%3A%2F%2Fwww.deutsche-glasfaser.de%2Ftarife%2F%3Fopmc%3Dgg_nb%26opta%3D0||Nordrhein-Westfalen - Kleve - Walbeck - 6782|Glasfaser Walbeck|dsl Walbeck|Internet Walbeck|Walbeck Glasfaser|Glasfaser in Walbeck|Deutsche Glasfaser Walbeck|Bis 60€ Online-Bonus sichern|Highspeed Internet statt DSL|Internet-Flat bis zu 1 Gbit/s|Highspeed Internet statt DSL|Zukunftsfähig dank Glasfaser|Sie wechseln - wir kümmern uns|Viel schneller als DSL|Nur 24,99 € mtl. im 1. Jahr|Super schnelle Internet-Flat|Sichern Sie sich unsere Boni|Ihr Glasfaseranschluss|Sparen Sie 750 € Baukosten|connect Testsieger - sehr gut|Jetzt buchen, damit Glasfaserkabel bald auch in Walbeck verfügbar ist!|Deutsche Glasfaser schließt Walbeck an die Zukunft an. Jetzt Glasfaseranschluss buchen!|Walbeck befindet sich aktuell in der Nachfragebündelung. Buchen Sie jetzt online!|Glasfaseranschluss bis zu Ihrem Haus - Endlich schnelles Internet in Walbeck!|Walbeck
91751390100|https://click.cptrack.de/?rd=true&k=9MZRyYCsat306Tv2DQ3hKWq0DRUlxnYcL3kKYjyiGX7M2_X89fuBNIe8B0w8cTySnJT3wegrmlt4hL0OLfRxeQ~~&rdlink=https%3A%2F%2Fwww.deutsche-glasfaser.de%2Ftarife%2F%3Fopmc%3Dgg_nb%26opta%3D0||Bayern - Ebersberg - Straelen - 91751390100|Glasfaser Straelen|dsl Straelen|Internet Straelen|Straelen Glasfaser|Glasfaser in Straelen|Deutsche Glasfaser Straelen|Bis 60€ Online-Bonus sichern|Highspeed Internet statt DSL|Internet-Flat bis zu 1 Gbit/s|Highspeed Internet statt DSL|Zukunftsfähig dank Glasfaser|Sie wechseln - wir kümmern uns|Viel schneller als DSL|Nur 24,99 € mtl. im 1. Jahr|Super schnelle Internet-Flat|Sichern Sie sich unsere Boni|Ihr Glasfaseranschluss|Sparen Sie 750 € Baukosten|connect Testsieger - sehr gut|Jetzt buchen, damit Glasfaserkabel bald auch in Straelen verfügbar ist!|Deutsche Glasfaser schließt Straelen an die Zukunft an. Jetzt Glasfaseranschluss buchen!|Straelen befindet sich aktuell in der Nachfragebündelung. Buchen Sie jetzt online!|Glasfaseranschluss bis zu Ihrem Haus - Endlich schnelles Internet in Straelen!|Straelen
91851500100|https://click.cptrack.de/?rd=true&k=9MZRyYCsat306Tv2DQ3hKWq0DRUlxnYcL3kKYjyiGX4QutaRUQnHzLLsUFb-YO6bnJT3wegrmlt4hL0OLfRxeQ~~&rdlink=https%3A%2F%2Fwww.deutsche-glasfaser.de%2Ftarife%2F%3Fopmc%3Dgg_nb%26opta%3D0||Bayern - Neuburg-Schrobenhausen - Schmalfeld - 91851500100|Glasfaser Schmalfeld|dsl Schmalfeld|Internet Schmalfeld|Schmalfeld Glasfaser|Glasfaser in Schmalfeld|Deutsche Glasfaser Schmalfeld|Bis 60€ Online-Bonus sichern|Highspeed Internet statt DSL|Internet-Flat bis zu 1 Gbit/s|Highspeed Internet statt DSL|Zukunftsfähig dank Glasfaser|Sie wechseln - wir kümmern uns|Viel schneller als DSL|Nur 24,99 € mtl. im 1. Jahr|Super schnelle Internet-Flat|Sichern Sie sich unsere Boni|Ihr Glasfaseranschluss|Sparen Sie 750 € Baukosten|connect Testsieger - sehr gut|Jetzt buchen, damit Glasfaserkabel bald auch in Schmalfeld verfügbar ist!|Deutsche Glasfaser schließt Schmalfeld an die Zukunft an. Jetzt Glasfaseranschluss buchen!|Schmalfeld befindet sich aktuell in der Nachfragebündelung. Buchen Sie jetzt online!|Glasfaseranschluss bis zu Ihrem Haus - Endlich schnelles Internet in Schmalfeld!|Schmalfeld
